[{"id":1,"src":"milk1.jpg","title":"Молоко","text":"Состав на 100 г продукта Энергетическая ценность: 60 ккал  Вода: 88 г Белки: 3,2 г  Жиры: 3,25 г Углеводы: 5,2 г"},{"id":2,"src":"myaso1.jpg","title":"Мясо","text":"Состав на 100 г продукта Энергетическая ценность: 218 ккал  Вода: 60,1 г Белки: 18,6 г  Жиры: 16,0 г Углеводы: 0 г"},{"id":3,"src":"ryby1.jpg","title":"Рыба","text":"Состав на 100 г продукта Энергетическая ценность: 148 ккал  Вода: 71,42 г Белки: 20,77 г  Жиры: 6,61 г Углеводы: 0 г"},{"id":4,"src":"http://klublady.ru/uploads/posts/2022-02/thumbs/1644704305_10-klublady-ru-p-pechenki-s-shokoladom-foto-10.jpg","title":"Печенье","text":"Такой акции вы еще не видели"}]